"Cluster","Mode(Gender)","Mean(Age)","Mean(Height)","Mean(Weight)","Mode(family_history_with_overweight)","Mode(FAVC)","Mean(FCVC)","Mean(NCP)","Mode(CAEC)","Mode(SMOKE)","Mean(CH2O)","Mode(SCC)","Mean(FAF)","Mean(TUE)","Mode(CALC)","Mode(MTRANS)","Mode(NObeyesdad)"
"cluster_0","Female",23.134776459677422,1.644960282258065,71.85038119354839,"yes","no",2.336443645161291,2.6025931290322584,"Sometimes","no",1.9640703145161291,"no",1.200333040322581,0.6500853225806449,"no","Public_Transportation","Overweight_Level_II"
"cluster_1","Male",23.19780136567165,1.7079220074626875,67.17060167910446,"no","yes",2.3461972164179112,2.9010116343283574,"Sometimes","no",1.8011158731343282,"no",1.344872813432836,0.6487586641791047,"no","Public_Transportation","Normal_Weight"
"cluster_2","Female",23.961770840616957,1.700506753213367,77.21504756041142,"yes","yes",2.2798855604113126,2.6322407275064252,"Sometimes","no",2.077727043701799,"no",1.1769772596401027,0.8041402622107973,"no","Public_Transportation","Obesity_Type_I"
"cluster_3","Female",20.145872335365844,1.6260277195121946,48.826902426829264,"no","yes",2.3760727317073167,2.4991243658536595,"Sometimes","no",1.6169632560975613,"no",0.980908304878049,0.7404033658536586,"Sometimes","Public_Transportation","Insufficient_Weight"
"cluster_4","Female",22.991749515151515,1.6788188461538462,109.17611628904434,"yes","yes",2.788303351981349,2.8503581981351984,"Sometimes","no",2.1636306993006977,"no",0.7279303216783225,0.6624342051282045,"Sometimes","Public_Transportation","Obesity_Type_III"
"cluster_5","Female",20.553769013333334,1.6084465733333333,59.066429573333316,"no","yes",2.5879630666666666,2.566334826666666,"Sometimes","no",2.012468293333333,"yes",1.1433119466666666,0.7230549466666668,"Sometimes","Public_Transportation","Overweight_Level_I"
"cluster_6","Male",32.637105308771915,1.7134037403508766,93.21855984912287,"yes","yes",2.3263008807017553,2.6652071859649116,"Sometimes","no",1.9574194385964911,"no",0.8797048105263157,0.4284513403508774,"Sometimes","Automobile","Obesity_Type_II"
"cluster_7","Male",26.19475996,1.7773394249999996,115.21397330999993,"yes","yes",2.430944955000002,2.6361616750000008,"Sometimes","no",1.8410614650000001,"no",1.13576186,0.45634103000000015,"Sometimes","Public_Transportation","Obesity_Type_II"
"cluster_8","Male",21.788130546623794,1.7575687041800645,83.44686491318328,"yes","yes",2.2073149292604515,2.6431205948553034,"Sometimes","no",2.171673662379423,"no",0.9938016688102885,0.7562179324758844,"Sometimes","Public_Transportation","Overweight_Level_I"
