"Cluster","Sum(Normal_Weight)","Sum(Overweight_Level_I)","Sum(Overweight_Level_II)","Sum(Obesity_Type_I)","Sum(Insufficient_Weight)","Sum(Obesity_Type_II)","Sum(Obesity_Type_III)","new column","Sum(Normal_Weight)_suffix","Sum(Overweight_Level_I)_suffix","Sum(Overweight_Level_II)_suffix","Sum(Obesity_Type_I)_suffix","Sum(Insufficient_Weight)_suffix","Sum(Obesity_Type_II)_suffix","Sum(Obesity_Type_III)_suffix","new column_suffix"
"cluster_0",36,5,72,6,3,1,1,124,29.03225806451613,4.032258064516129,58.06451612903226,4.838709677419355,2.4193548387096775,0.8064516129032258,0.8064516129032258,100
"cluster_1",103,17,8,2,3,1,0,134,76.86567164179104,12.686567164179104,5.970149253731343,1.4925373134328357,2.2388059701492535,0.7462686567164178,0,100
"cluster_2",36,24,82,160,87,0,0,389,9.254498714652955,6.169665809768637,21.079691516709513,41.131105398457585,22.36503856041131,0,0,100
"cluster_3",27,12,0,0,125,0,0,164,16.463414634146343,7.317073170731707,0,0,76.21951219512195,0,0,100
"cluster_4",21,42,10,32,1,1,322,429,4.895104895104895,9.79020979020979,2.331002331002331,7.459207459207459,0.2331002331002331,0.2331002331002331,75.05827505827506,100
"cluster_5",17,34,3,1,20,0,0,75,22.666666666666664,45.33333333333333,4,1.3333333333333335,26.666666666666668,0,0,100
"cluster_6",12,51,27,93,8,94,0,285,4.2105263157894735,17.894736842105264,9.473684210526317,32.631578947368425,2.807017543859649,32.98245614035088,0,100
"cluster_7",0,0,0,0,0,200,0,200,0,0,0,0,0,100,0,100
"cluster_8",35,105,88,57,25,0,1,311,11.254019292604502,33.762057877813504,28.29581993569132,18.327974276527332,8.038585209003216,0,0.3215434083601286,100
